question,anwser
What is the stub question1?,Answer with stub data 1
What is the stub question2?,Answer with stub data 2
What is the stub question3?,Answer with stub data 3
What is the stub question4?,Answer with stub data 4
What is the stub question5?,Answer with stub data 5
What is the stub question6?,Answer with stub data 6
What is the stub question7?,Answer with stub data 7
What is the stub question8?,Answer with stub data 8
What is the stub question9?,Answer with stub data 9
What is the stub question10?,Answer with stub data 10
What is the stub question11?,### Share this:\n\n\n\n*   [Twitter](https://stubfaq.wordpress.com/faq/?share=twitter "Click to share on Twitter")\n*   [Facebook](https://stubfaq.wordpress.com/faq/?share=facebook "Share on Facebook")\n*   [Google](https://stubfaq.wordpress.com/faq/?share=google-plus-1 "Click to share on Google+")\n\n### Like this:\n\nLikeLoading...